{
    "coronavirus": {
        "01-01": 0,
        "01-08": 0,
        "01-15": 0.2857142857142857,
        "01-22": 9.142857142857142,
        "01-29": 12.285714285714285,
        "02-05": 7.285714285714286,
        "02-12": 5.428571428571429,
        "02-19": 12.428571428571429,
        "02-26": 28.42857142857143,
        "03-04": 39.57142857142857,
        "03-11": 89.57142857142857,
        "03-18": 84.42857142857143,
        "03-25": 67.71428571428571,
        "04-01": 64.14285714285714,
        "04-08": 53.857142857142854,
        "04-15": 47,
        "04-22": 34.99999999999999,
        "04-29": 25.71428571428571,
        "05-06": 23.285714285714285,
        "05-13": 20.571428571428573
    }
}
